pubDate,title,ioc_type,ioc
"Wed, 08 Dec 2021 10:58:48 +0000",When old friends meet again: why Emotet chose Trickbot for rebirth,Trickbot Hashes,6454414d0149be112aad7fcdc0af1bc1296824f87db5e4b8d7202ea042537f21
"Wed, 08 Dec 2021 10:58:48 +0000",When old friends meet again: why Emotet chose Trickbot for rebirth,Trickbot Hashes,3d5853ab9ec4e2b24bf328dc526e09975d1b266f1684bbbc8f8e3292a1c3f2d0
"Wed, 08 Dec 2021 10:58:48 +0000",When old friends meet again: why Emotet chose Trickbot for rebirth,Emotet Hashes,800f6f0cbc307b6d39dd48563fb2a15a2119a76d97ec599f0995e3c4af0b2211
"Wed, 08 Dec 2021 10:58:48 +0000",When old friends meet again: why Emotet chose Trickbot for rebirth,Emotet Hashes,3f57051e3b62c87fb24df0fdc4b30ee91fd73d3cee3a6f7a962efceba2e99c7d
"Wed, 08 Dec 2021 10:58:48 +0000",When old friends meet again: why Emotet chose Trickbot for rebirth,Trickbot IP addresses,24.162.214.166
"Wed, 08 Dec 2021 10:58:48 +0000",When old friends meet again: why Emotet chose Trickbot for rebirth,Trickbot IP addresses,45.36.99.184
"Wed, 08 Dec 2021 10:58:48 +0000",When old friends meet again: why Emotet chose Trickbot for rebirth,Trickbot IP addresses,60.51.47.65
"Wed, 08 Dec 2021 10:58:48 +0000",When old friends meet again: why Emotet chose Trickbot for rebirth,Trickbot IP addresses,62.99.76.213
"Wed, 08 Dec 2021 10:58:48 +0000",When old friends meet again: why Emotet chose Trickbot for rebirth,Trickbot IP addresses,82.159.149.52
"Wed, 08 Dec 2021 10:58:48 +0000",When old friends meet again: why Emotet chose Trickbot for rebirth,Trickbot IP addresses,97.83.40.67
"Wed, 08 Dec 2021 10:58:48 +0000",When old friends meet again: why Emotet chose Trickbot for rebirth,Trickbot IP addresses,103.105.254.17
"Wed, 08 Dec 2021 10:58:48 +0000",When old friends meet again: why Emotet chose Trickbot for rebirth,Trickbot IP addresses,184.74.99.214
"Wed, 08 Dec 2021 10:58:48 +0000",When old friends meet again: why Emotet chose Trickbot for rebirth,URLs with Emotet Payload,http[://ranvipclub.net/pvhko/a/
"Wed, 08 Dec 2021 10:58:48 +0000",When old friends meet again: why Emotet chose Trickbot for rebirth,URLs with Emotet Payload,http[://apps.identrust.com/roots/dstrootcax3.p7c
"Wed, 08 Dec 2021 10:58:48 +0000",When old friends meet again: why Emotet chose Trickbot for rebirth,URLs with Emotet Payload,http[://visteme.mx/shop/wp-admin/PP/
"Wed, 08 Dec 2021 10:58:48 +0000",When old friends meet again: why Emotet chose Trickbot for rebirth,URLs with Emotet Payload,http[://av-quiz.tk/wp-content/k6K/
"Wed, 08 Dec 2021 10:58:48 +0000",When old friends meet again: why Emotet chose Trickbot for rebirth,URLs with Emotet Payload,http[://ranvipclub.net/pvhko/a/
"Wed, 08 Dec 2021 10:58:48 +0000",When old friends meet again: why Emotet chose Trickbot for rebirth,URLs with Emotet Payload,https[://goodtech.cetxlabs.com/content/5MfZPgP06/
"Wed, 08 Dec 2021 10:58:48 +0000",When old friends meet again: why Emotet chose Trickbot for rebirth,URLs with Emotet Payload,https[://newsmag.danielolayinkas.com/content/nVgyRFrTE68Yd9s6/
